<?xml version="1.0" encoding="UTF-8"?>
<manifest identifier="com.example.helloworld"
          version="1.2"
          xmlns="http://www.imsproject.org/xsd/imscp_rootv1p1p2"
          xmlns:adlcp="http://www.adlnet.org/xsd/adlcp_rootv1p2"
          xmlns:xsi="http://www.w3.org/2001/XMLSchema-instance"
          xsi:schemaLocation="http://www.imsproject.org/xsd/imscp_rootv1p1p2 imscp_rootv1p1p2.xsd
                              http://www.adlnet.org/xsd/adlcp_rootv1p2 adlcp_rootv1p2.xsd">

    <metadata>
        <schema>ADL SCORM</schema>
        <schemaversion>1.2</schemaversion>
    </metadata>

    <organizations default="defaultOrg">
        <organization identifier="defaultOrg">
            <title>Hello World SCORM Module</title>
            <item identifier="item1" identifierref="resource1">
                <title>Hello World</title>
            </item>
        </organization>
    </organizations>

    <resources>
        <resource identifier="resource1" type="webcontent" adlcp:scormtype="sco" href="index.html">
            <file href="index.html"/>
        </resource>
    </resources>
</manifest>
